{
  "n_clusters": 10,
  "silhouette_score": 0.1537872850894928,
  "davies_bouldin_score": 2.9047632904912453,
  "cluster_sizes": {
    "0": 862,
    "1": 381,
    "2": 504,
    "3": 554,
    "4": 345,
    "5": 545,
    "6": 97,
    "7": 544,
    "8": 107,
    "9": 757
  },
  "created_at": "2026-01-10 15:00:58"
}